id,nombre,horasTrabajadas,sueldo
1,Lou,120,10000
2,Ulrike,180,25000
3,Brade,325,20000
4,Kimbell,120,50000
5,Sheelagh,220,18000
6,Gayle,120,30000
7,Kimberlee,60,33000
8,Henrieta,90,30000
9,Jeanine,325,18000
10,Aggie,75,15000
11,Brandea,180,15000
12,Cordelie,325,50000
13,Shel,120,50000
14,Bronnie,60,20000
15,Megen,180,10000
16,Iver,90,12000
17,Ernesta,60,37000
18,Cirillo,88,50000
19,Park,120,30000
20,Bellanca,88,15000
21,Bobbye,180,15000
22,Eugene,88,50000
23,Johnny,325,33000
24,Reagen,90,42000
25,Braden,180,25000
26,Karim,75,25000
27,Anthea,90,42000
28,Doro,120,33000
29,Gaye,120,37000
30,Toby,180,15000
